task,sensor,method,split,difficulty,run_id,expected_trials,status,quality_passed,num_trials,arrived,collision,out_of_bounds,numerical_failure,timeout,success_rate,collision_rate,constrained_time_mean_s,success_time_mean_s,min_clearance_m,return_mean,success_ci95_low,success_ci95_high,replay_count,example_replay,all_case_archive_verified,archive,native_trajectories,missing_command_steps,rejected_commands,rpc_case_p95_max_s,episode_wall_sum_s
static,depth,ppo,dev,easy,p5-formal-static-depth-ppo-seed0-v2-dev,32,completed,,32,0,1,31,0,0,0.0,0.03125,40.0,,-0.02014053612947464,-153.60609436035156,0.0,0.1071791982550706,4,experiments/p5-formal-static-depth-ppo-seed0-v2-dev/rollouts/easy/case-000/2026_09_27-17_15_34.mj_unroll,False,,,,,,
static,depth,ppo,dev,medium,p5-formal-static-depth-ppo-seed0-v2-dev,32,completed,,32,0,2,30,0,0,0.0,0.0625,40.0,,-0.05790168046951294,-153.49374389648438,0.0,0.1071791982550706,4,experiments/p5-formal-static-depth-ppo-seed0-v2-dev/rollouts/medium/case-000/2026_09_27-17_15_35.mj_unroll,False,,,,,,
static,depth,ppo,dev,hard,p5-formal-static-depth-ppo-seed0-v2-dev,32,completed,,32,0,0,32,0,0,0.0,0.0,40.0,,0.06026913970708847,-153.49063110351562,0.0,0.1071791982550706,4,experiments/p5-formal-static-depth-ppo-seed0-v2-dev/rollouts/hard/case-000/2026_09_27-17_15_37.mj_unroll,False,,,,,,
static,depth,ppo,heldout,easy,p5-formal-static-depth-ppo-seed0-v2-heldout,128,completed,,128,0,6,122,0,0,0.0,0.046875,40.0,,-0.07187961786985397,-153.561279296875,0.0,0.029136956273508416,4,experiments/p5-formal-static-depth-ppo-seed0-v2-heldout/rollouts/easy/case-000/2026_09_27-17_20_31.mj_unroll,False,,,,,,
static,depth,ppo,heldout,medium,p5-formal-static-depth-ppo-seed0-v2-heldout,128,completed,,128,0,1,127,0,0,0.0,0.0078125,40.0,,-0.07175219804048538,-153.48089599609375,0.0,0.029136956273508416,4,experiments/p5-formal-static-depth-ppo-seed0-v2-heldout/rollouts/medium/case-000/2026_09_27-17_20_33.mj_unroll,False,,,,,,
static,depth,ppo,heldout,hard,p5-formal-static-depth-ppo-seed0-v2-heldout,128,completed,,128,0,0,128,0,0,0.0,0.0,40.0,,0.01088704913854599,-153.49002075195312,0.0,0.029136956273508416,4,experiments/p5-formal-static-depth-ppo-seed0-v2-heldout/rollouts/hard/case-000/2026_09_27-17_20_36.mj_unroll,False,,,,,,
static,depth,dva,dev,easy,p5-formal-static-depth-dva-seed0-v2-dev,32,completed,,32,0,0,32,0,0,0.0,0.0,40.0,,0.5881553292274475,-152.39337158203125,0.0,0.1071791982550706,4,experiments/p5-formal-static-depth-dva-seed0-v2-dev/rollouts/easy/case-000/2026_09_27-17_41_58.mj_unroll,False,,,,,,
static,depth,dva,dev,medium,p5-formal-static-depth-dva-seed0-v2-dev,32,completed,,32,0,0,32,0,0,0.0,0.0,40.0,,0.5657210946083069,-152.39324951171875,0.0,0.1071791982550706,4,experiments/p5-formal-static-depth-dva-seed0-v2-dev/rollouts/medium/case-000/2026_09_27-17_41_59.mj_unroll,False,,,,,,
static,depth,dva,dev,hard,p5-formal-static-depth-dva-seed0-v2-dev,32,completed,,32,0,0,32,0,0,0.0,0.0,40.0,,0.34554576873779297,-152.41990661621094,0.0,0.1071791982550706,4,experiments/p5-formal-static-depth-dva-seed0-v2-dev/rollouts/hard/case-000/2026_09_27-17_42_00.mj_unroll,False,,,,,,
static,depth,dva,heldout,easy,p5-formal-static-depth-dva-seed0-v2-heldout,128,completed,,128,0,0,128,0,0,0.0,0.0,40.0,,0.46483057737350464,-152.39720153808594,0.0,0.029136956273508416,4,experiments/p5-formal-static-depth-dva-seed0-v2-heldout/rollouts/easy/case-000/2026_09_27-17_43_59.mj_unroll,False,,,,,,
static,depth,dva,heldout,medium,p5-formal-static-depth-dva-seed0-v2-heldout,128,completed,,128,0,0,128,0,0,0.0,0.0,40.0,,0.3174592852592468,-152.41404724121094,0.0,0.029136956273508416,4,experiments/p5-formal-static-depth-dva-seed0-v2-heldout/rollouts/medium/case-000/2026_09_27-17_44_00.mj_unroll,False,,,,,,
static,depth,dva,heldout,hard,p5-formal-static-depth-dva-seed0-v2-heldout,128,completed,,128,0,0,128,0,0,0.0,0.0,40.0,,0.3631257116794586,-152.39987182617188,0.0,0.029136956273508416,4,experiments/p5-formal-static-depth-dva-seed0-v2-heldout/rollouts/hard/case-000/2026_09_27-17_44_02.mj_unroll,False,,,,,,
static,lidar,ppo,dev,easy,p5-formal-static-lidar-ppo-seed0-v2-dev,32,completed,,32,0,4,28,0,0,0.0,0.125,40.0,,-0.016237683594226837,-151.64605712890625,0.0,0.1071791982550706,4,experiments/p5-formal-static-lidar-ppo-seed0-v2-dev/rollouts/easy/case-000/2026_09_27-17_58_39.mj_unroll,False,,,,,,
static,lidar,ppo,dev,medium,p5-formal-static-lidar-ppo-seed0-v2-dev,32,completed,,32,0,1,31,0,0,0.0,0.03125,40.0,,-0.003022529184818268,-151.937744140625,0.0,0.1071791982550706,4,experiments/p5-formal-static-lidar-ppo-seed0-v2-dev/rollouts/medium/case-000/2026_09_27-17_58_48.mj_unroll,False,,,,,,
static,lidar,ppo,dev,hard,p5-formal-static-lidar-ppo-seed0-v2-dev,32,completed,,32,0,4,28,0,0,0.0,0.125,40.0,,-0.015138335525989532,-151.1031036376953,0.0,0.1071791982550706,4,experiments/p5-formal-static-lidar-ppo-seed0-v2-dev/rollouts/hard/case-000/2026_09_27-17_58_53.mj_unroll,False,,,,,,
static,lidar,ppo,heldout,easy,p5-formal-static-lidar-ppo-seed0-v2-heldout,128,completed,,128,0,4,124,0,0,0.0,0.03125,40.0,,-0.03374435752630234,-151.85548400878906,0.0,0.029136956273508416,4,experiments/p5-formal-static-lidar-ppo-seed0-v2-heldout/rollouts/easy/case-000/2026_09_27-18_01_24.mj_unroll,False,,,,,,
static,lidar,ppo,heldout,medium,p5-formal-static-lidar-ppo-seed0-v2-heldout,128,completed,,128,0,7,121,0,0,0.0,0.0546875,40.0,,-0.03407838195562363,-151.139892578125,0.0,0.029136956273508416,4,experiments/p5-formal-static-lidar-ppo-seed0-v2-heldout/rollouts/medium/case-000/2026_09_27-18_01_34.mj_unroll,False,,,,,,
static,lidar,ppo,heldout,hard,p5-formal-static-lidar-ppo-seed0-v2-heldout,128,completed,,128,0,14,114,0,0,0.0,0.109375,40.0,,-0.022269703447818756,-150.763671875,0.0,0.029136956273508416,4,experiments/p5-formal-static-lidar-ppo-seed0-v2-heldout/rollouts/hard/case-000/2026_09_27-18_01_43.mj_unroll,False,,,,,,
static,lidar,dva,dev,easy,p5-formal-static-lidar-dva-seed0-v2-dev,32,completed,,32,0,0,32,0,0,0.0,0.0,40.0,,0.5881553292274475,-152.3933868408203,0.0,0.1071791982550706,4,experiments/p5-formal-static-lidar-dva-seed0-v2-dev/rollouts/easy/case-000/2026_09_27-18_31_14.mj_unroll,True,experiments/p5-formal-static-lidar-dva-seed0-v2-dev/traces/easy.npz,,,,,
static,lidar,dva,dev,medium,p5-formal-static-lidar-dva-seed0-v2-dev,32,completed,,32,0,0,32,0,0,0.0,0.0,40.0,,0.5656129717826843,-152.3933868408203,0.0,0.1071791982550706,4,experiments/p5-formal-static-lidar-dva-seed0-v2-dev/rollouts/medium/case-000/2026_09_27-18_31_15.mj_unroll,True,experiments/p5-formal-static-lidar-dva-seed0-v2-dev/traces/medium.npz,,,,,
static,lidar,dva,dev,hard,p5-formal-static-lidar-dva-seed0-v2-dev,32,completed,,32,0,0,32,0,0,0.0,0.0,40.0,,0.3455464541912079,-152.42002868652344,0.0,0.1071791982550706,4,experiments/p5-formal-static-lidar-dva-seed0-v2-dev/rollouts/hard/case-000/2026_09_27-18_31_17.mj_unroll,True,experiments/p5-formal-static-lidar-dva-seed0-v2-dev/traces/hard.npz,,,,,
static,lidar,dva,heldout,easy,p5-formal-static-lidar-dva-seed0-v2-heldout,128,completed,,128,0,0,128,0,0,0.0,0.0,40.0,,0.46483057737350464,-152.3973388671875,0.0,0.029136956273508416,4,experiments/p5-formal-static-lidar-dva-seed0-v2-heldout/rollouts/easy/case-000/2026_09_27-18_33_22.mj_unroll,True,experiments/p5-formal-static-lidar-dva-seed0-v2-heldout/traces/easy.npz,,,,,
static,lidar,dva,heldout,medium,p5-formal-static-lidar-dva-seed0-v2-heldout,128,completed,,128,0,0,128,0,0,0.0,0.0,40.0,,0.31746822595596313,-152.41415405273438,0.0,0.029136956273508416,4,experiments/p5-formal-static-lidar-dva-seed0-v2-heldout/rollouts/medium/case-000/2026_09_27-18_33_23.mj_unroll,True,experiments/p5-formal-static-lidar-dva-seed0-v2-heldout/traces/medium.npz,,,,,
static,lidar,dva,heldout,hard,p5-formal-static-lidar-dva-seed0-v2-heldout,128,completed,,128,0,0,128,0,0,0.0,0.0,40.0,,0.3631572127342224,-152.39999389648438,0.0,0.029136956273508416,4,experiments/p5-formal-static-lidar-dva-seed0-v2-heldout/rollouts/hard/case-000/2026_09_27-18_33_24.mj_unroll,True,experiments/p5-formal-static-lidar-dva-seed0-v2-heldout/traces/hard.npz,,,,,
static,depth,ego,dev,easy,p5-formal-static-ego-v2-dev-archive-v1,32,completed,,32,32,0,0,0,0,1.0,0.0,11.189375,11.189375,0.013264469802379608,84.69351196289062,0.8928208017449293,1.0,4,experiments/p5-formal-static-ego-v2-dev-archive-v1/rollouts/easy/case-000/2026_09_27-18_14_29.mj_unroll,True,experiments/p5-formal-static-ego-v2-dev-archive-v1/traces/easy.npz,309,3328,0,0.02556186772417277,2047.48745300062
static,depth,ego,dev,medium,p5-formal-static-ego-v2-dev-archive-v1,32,completed,,32,27,5,0,0,0,0.84375,0.15625,16.024375,11.584444444444445,-0.009735174477100372,50.196319580078125,0.682458504024696,0.9313557971749429,5,experiments/p5-formal-static-ego-v2-dev-archive-v1/rollouts/medium/case-000/2026_09_27-18_23_34.mj_unroll,True,experiments/p5-formal-static-ego-v2-dev-archive-v1/traces/medium.npz,367,3328,0,0.026911186310462652,2070.916093866341
static,depth,ego,dev,hard,p5-formal-static-ego-v2-dev-archive-v1,32,completed,,32,25,7,0,0,0,0.78125,0.21875,17.7925,11.5744,-0.023590512573719025,32.49082946777344,0.6124500635075647,0.8897616374739581,5,experiments/p5-formal-static-ego-v2-dev-archive-v1/rollouts/hard/case-000/2026_09_27-18_31_18.mj_unroll,True,experiments/p5-formal-static-ego-v2-dev-archive-v1/traces/hard.npz,347,3328,0,0.024743717606179418,1736.5361284445971
static,depth,ego,heldout,easy,p5-formal-static-ego-v2-heldout-archive-v1,128,completed,,128,115,13,0,0,0,0.8984375,0.1015625,14.35140625,11.452000000000002,-0.022581882774829865,61.49026107788086,0.8339751366963888,0.9396813512731592,4,experiments/p5-formal-static-ego-v2-heldout-archive-v1/rollouts/easy/case-000/2026_09_27-19_09_15.mj_unroll,True,experiments/p5-formal-static-ego-v2-heldout-archive-v1/traces/easy.npz,1364,13312,0,0.026204864494502544,7981.805641148239
static,depth,ego,heldout,medium,p5-formal-static-ego-v2-heldout-archive-v1,128,completed,,128,111,16,0,0,1,0.8671875,0.125,15.24078125,11.448828828828827,-0.028382129967212677,55.51398468017578,0.7975798330550461,0.9153977146815961,5,experiments/p5-formal-static-ego-v2-heldout-archive-v1/rollouts/medium/case-000/2026_09_27-19_43_41.mj_unroll,True,experiments/p5-formal-static-ego-v2-heldout-archive-v1/traces/medium.npz,1443,13312,0,0.025216338247992087,8058.152150124777
static,depth,ego,heldout,hard,p5-formal-static-ego-v2-heldout-archive-v1,128,completed,,128,98,28,0,0,2,0.765625,0.21875,18.342656249999997,11.712857142857143,-0.022639460861682892,31.618541717529297,0.6851645688917714,0.8306064230879273,4,experiments/p5-formal-static-ego-v2-heldout-archive-v1/rollouts/hard/case-000/2026_09_27-20_13_46.mj_unroll,True,experiments/p5-formal-static-ego-v2-heldout-archive-v1/traces/hard.npz,1602,13313,0,0.024757588747888803,7034.449194044806
static,lidar,super,dev,easy,p5-formal-static-super-v2-dev-archive-v1,32,completed,,32,32,0,0,0,0,1.0,0.0,9.276875,9.276875,0.16831660270690918,87.81483459472656,0.8928208017449293,1.0,4,experiments/p5-formal-static-super-v2-dev-archive-v1/rollouts/easy/case-000/2026_09_27-18_14_04.mj_unroll,True,experiments/p5-formal-static-super-v2-dev-archive-v1/traces/easy.npz,4248,419,0,0.025550099089741703,1958.7826577723026
static,lidar,super,dev,medium,p5-formal-static-super-v2-dev-archive-v1,32,completed,,32,32,0,0,0,0,1.0,0.0,9.391250000000001,9.391250000000001,0.16632023453712463,87.16064453125,0.8928208017449293,1.0,4,experiments/p5-formal-static-super-v2-dev-archive-v1/rollouts/medium/case-000/2026_09_27-18_22_52.mj_unroll,True,experiments/p5-formal-static-super-v2-dev-archive-v1/traces/medium.npz,4273,439,0,0.028211629739962517,2038.608407272026
static,lidar,super,dev,hard,p5-formal-static-super-v2-dev-archive-v1,32,completed,,32,31,1,0,0,0,0.96875,0.03125,10.370625,9.414838709677417,-0.006421990692615509,80.13827514648438,0.8425573617998744,0.9944621398359969,5,experiments/p5-formal-static-super-v2-dev-archive-v1/rollouts/hard/case-000/2026_09_27-18_30_55.mj_unroll,True,experiments/p5-formal-static-super-v2-dev-archive-v1/traces/hard.npz,4217,429,0,0.02832022337242961,1844.315208088141
static,lidar,super,heldout,easy,p5-formal-static-super-v2-heldout-archive-v1,128,completed,,128,128,0,0,0,0,1.0,0.0,9.33421875,9.33421875,0.1544376015663147,87.64427185058594,0.9708630437264916,1.0,4,experiments/p5-formal-static-super-v2-heldout-archive-v1/rollouts/easy/case-000/2026_09_27-19_03_58.mj_unroll,True,experiments/p5-formal-static-super-v2-heldout-archive-v1/traces/easy.npz,17175,1719,0,0.026965290377847846,7592.918607845902
static,lidar,super,heldout,medium,p5-formal-static-super-v2-heldout-archive-v1,128,completed,,128,127,0,1,0,0,0.9921875,0.0,9.59578125,9.356377952755903,0.091190867125988,85.70355987548828,0.9570737405611394,0.9986195681071257,5,experiments/p5-formal-static-super-v2-heldout-archive-v1/rollouts/medium/case-000/2026_09_27-19_36_58.mj_unroll,True,experiments/p5-formal-static-super-v2-heldout-archive-v1/traces/medium.npz,17062,1717,0,0.027571364305913434,7798.930666971952
static,lidar,super,heldout,hard,p5-formal-static-super-v2-heldout-archive-v1,128,completed,,128,122,5,1,0,0,0.953125,0.0390625,11.03171875,9.607049180327866,-0.016608066856861115,75.93424224853516,0.9015024775490568,0.9783421558280763,5,experiments/p5-formal-static-super-v2-heldout-archive-v1/rollouts/hard/case-000/2026_09_27-20_07_32.mj_unroll,True,experiments/p5-formal-static-super-v2-heldout-archive-v1/traces/hard.npz,16939,1715,0,0.02860675335396081,7138.79518059548
dynamic,depth,ppo,dev,easy,p5-formal-dynamic-depth-ppo-seed0-v2-dev,32,completed,,32,0,2,30,0,0,0.0,0.0625,40.0,,-0.039535023272037506,-126.30982971191406,0.0,0.1071791982550706,4,experiments/p5-formal-dynamic-depth-ppo-seed0-v2-dev/rollouts/easy/case-000/2026_09_27-19_02_40.mj_unroll,True,experiments/p5-formal-dynamic-depth-ppo-seed0-v2-dev/traces/easy.npz,,,,,
dynamic,depth,ppo,dev,medium,p5-formal-dynamic-depth-ppo-seed0-v2-dev,32,completed,,32,0,7,25,0,0,0.0,0.21875,40.0,,-0.055952735245227814,-128.97152709960938,0.0,0.1071791982550706,4,experiments/p5-formal-dynamic-depth-ppo-seed0-v2-dev/rollouts/medium/case-000/2026_09_27-19_02_56.mj_unroll,True,experiments/p5-formal-dynamic-depth-ppo-seed0-v2-dev/traces/medium.npz,,,,,
dynamic,depth,ppo,dev,hard,p5-formal-dynamic-depth-ppo-seed0-v2-dev,32,completed,,32,0,14,18,0,0,0.0,0.4375,40.0,,-0.05386669188737869,-132.22877502441406,0.0,0.1071791982550706,4,experiments/p5-formal-dynamic-depth-ppo-seed0-v2-dev/rollouts/hard/case-000/2026_09_27-19_03_19.mj_unroll,True,experiments/p5-formal-dynamic-depth-ppo-seed0-v2-dev/traces/hard.npz,,,,,
dynamic,depth,ppo,heldout,easy,p5-formal-dynamic-depth-ppo-seed0-v2-heldout,128,completed,,128,0,14,114,0,0,0.0,0.109375,40.0,,-0.04726428538560867,-127.13009643554688,0.0,0.029136956273508416,4,experiments/p5-formal-dynamic-depth-ppo-seed0-v2-heldout/rollouts/easy/case-000/2026_09_27-19_07_08.mj_unroll,True,experiments/p5-formal-dynamic-depth-ppo-seed0-v2-heldout/traces/easy.npz,,,,,
dynamic,depth,ppo,heldout,medium,p5-formal-dynamic-depth-ppo-seed0-v2-heldout,128,completed,,128,0,30,98,0,0,0.0,0.234375,40.0,,-0.05109066516160965,-128.60308837890625,0.0,0.029136956273508416,4,experiments/p5-formal-dynamic-depth-ppo-seed0-v2-heldout/rollouts/medium/case-000/2026_09_27-19_07_28.mj_unroll,True,experiments/p5-formal-dynamic-depth-ppo-seed0-v2-heldout/traces/medium.npz,,,,,
dynamic,depth,ppo,heldout,hard,p5-formal-dynamic-depth-ppo-seed0-v2-heldout,128,completed,,128,0,30,98,0,0,0.0,0.234375,40.0,,-0.06198141723871231,-129.3956298828125,0.0,0.029136956273508416,4,experiments/p5-formal-dynamic-depth-ppo-seed0-v2-heldout/rollouts/hard/case-000/2026_09_27-19_07_52.mj_unroll,True,experiments/p5-formal-dynamic-depth-ppo-seed0-v2-heldout/traces/hard.npz,,,,,
dynamic,depth,dva,dev,easy,p5-formal-dynamic-depth-dva-seed0-v2-dev,32,completed,,32,0,0,32,0,0,0.0,0.0,40.0,,1.3416008949279785,-152.39288330078125,0.0,0.1071791982550706,4,experiments/p5-formal-dynamic-depth-dva-seed0-v2-dev/rollouts/easy/case-000/2026_09_27-19_46_18.mj_unroll,True,experiments/p5-formal-dynamic-depth-dva-seed0-v2-dev/traces/easy.npz,,,,,
dynamic,depth,dva,dev,medium,p5-formal-dynamic-depth-dva-seed0-v2-dev,32,completed,,32,0,0,32,0,0,0.0,0.0,40.0,,0.49775153398513794,-152.3939666748047,0.0,0.1071791982550706,4,experiments/p5-formal-dynamic-depth-dva-seed0-v2-dev/rollouts/medium/case-000/2026_09_27-19_46_20.mj_unroll,True,experiments/p5-formal-dynamic-depth-dva-seed0-v2-dev/traces/medium.npz,,,,,
dynamic,depth,dva,dev,hard,p5-formal-dynamic-depth-dva-seed0-v2-dev,32,completed,,32,0,0,32,0,0,0.0,0.0,40.0,,1.0360908508300781,-152.39288330078125,0.0,0.1071791982550706,4,experiments/p5-formal-dynamic-depth-dva-seed0-v2-dev/rollouts/hard/case-000/2026_09_27-19_46_23.mj_unroll,True,experiments/p5-formal-dynamic-depth-dva-seed0-v2-dev/traces/hard.npz,,,,,
dynamic,depth,dva,heldout,easy,p5-formal-dynamic-depth-dva-seed0-v2-heldout,128,completed,,128,0,0,128,0,0,0.0,0.0,40.0,,0.7480645775794983,-152.39285278320312,0.0,0.029136956273508416,4,experiments/p5-formal-dynamic-depth-dva-seed0-v2-heldout/rollouts/easy/case-000/2026_09_27-19_49_07.mj_unroll,True,experiments/p5-formal-dynamic-depth-dva-seed0-v2-heldout/traces/easy.npz,,,,,
dynamic,depth,dva,heldout,medium,p5-formal-dynamic-depth-dva-seed0-v2-heldout,128,completed,,128,0,0,128,0,0,0.0,0.0,40.0,,0.5027782917022705,-152.39285278320312,0.0,0.029136956273508416,4,experiments/p5-formal-dynamic-depth-dva-seed0-v2-heldout/rollouts/medium/case-000/2026_09_27-19_49_10.mj_unroll,True,experiments/p5-formal-dynamic-depth-dva-seed0-v2-heldout/traces/medium.npz,,,,,
dynamic,depth,dva,heldout,hard,p5-formal-dynamic-depth-dva-seed0-v2-heldout,128,completed,,128,0,0,128,0,0,0.0,0.0,40.0,,0.48859310150146484,-152.39297485351562,0.0,0.029136956273508416,4,experiments/p5-formal-dynamic-depth-dva-seed0-v2-heldout/rollouts/hard/case-000/2026_09_27-19_49_13.mj_unroll,True,experiments/p5-formal-dynamic-depth-dva-seed0-v2-heldout/traces/hard.npz,,,,,
dynamic,lidar,ppo,dev,easy,p5-formal-dynamic-lidar-ppo-seed0-v2-dev,32,completed,,32,4,25,3,0,0,0.125,0.78125,35.540000000000006,4.32,-0.09010718017816544,-91.40263366699219,0.04970134387480073,0.2806830548165022,4,experiments/p5-formal-dynamic-lidar-ppo-seed0-v2-dev/rollouts/easy/case-000/2026_09_27-20_11_05.mj_unroll,True,experiments/p5-formal-dynamic-lidar-ppo-seed0-v2-dev/traces/easy.npz,,,,,
dynamic,lidar,ppo,dev,medium,p5-formal-dynamic-lidar-ppo-seed0-v2-dev,32,completed,,32,0,31,1,0,0,0.0,0.96875,40.0,,-0.09415552765130997,-122.8057861328125,0.0,0.1071791982550706,4,experiments/p5-formal-dynamic-lidar-ppo-seed0-v2-dev/rollouts/medium/case-000/2026_09_27-20_11_18.mj_unroll,True,experiments/p5-formal-dynamic-lidar-ppo-seed0-v2-dev/traces/medium.npz,,,,,
dynamic,lidar,ppo,dev,hard,p5-formal-dynamic-lidar-ppo-seed0-v2-dev,32,completed,,32,0,30,2,0,0,0.0,0.9375,40.0,,-0.08500406891107559,-127.79989624023438,0.0,0.1071791982550706,4,experiments/p5-formal-dynamic-lidar-ppo-seed0-v2-dev/rollouts/hard/case-000/2026_09_27-20_11_26.mj_unroll,True,experiments/p5-formal-dynamic-lidar-ppo-seed0-v2-dev/traces/hard.npz,,,,,
dynamic,lidar,ppo,heldout,easy,p5-formal-dynamic-lidar-ppo-seed0-v2-heldout,128,completed,,128,19,88,21,0,0,0.1484375,0.6875,34.706875,4.341052631578948,-0.08745834976434708,-87.66816711425781,0.09713463115350009,0.22022729122631057,4,experiments/p5-formal-dynamic-lidar-ppo-seed0-v2-heldout/rollouts/easy/case-000/2026_09_27-20_13_58.mj_unroll,True,experiments/p5-formal-dynamic-lidar-ppo-seed0-v2-heldout/traces/easy.npz,,,,,
dynamic,lidar,ppo,heldout,medium,p5-formal-dynamic-lidar-ppo-seed0-v2-heldout,128,completed,,128,3,109,16,0,0,0.0234375,0.8515625,39.1640625,4.333333333333333,-0.08879683166742325,-114.52310180664062,0.008002416396755481,0.06664374505143222,4,experiments/p5-formal-dynamic-lidar-ppo-seed0-v2-heldout/rollouts/medium/case-000/2026_09_27-20_14_08.mj_unroll,True,experiments/p5-formal-dynamic-lidar-ppo-seed0-v2-heldout/traces/medium.npz,,,,,
dynamic,lidar,ppo,heldout,hard,p5-formal-dynamic-lidar-ppo-seed0-v2-heldout,128,completed,,128,0,123,5,0,0,0.0,0.9609375,40.0,,-0.09446022659540176,-124.18803405761719,0.0,0.029136956273508416,4,experiments/p5-formal-dynamic-lidar-ppo-seed0-v2-heldout/rollouts/hard/case-000/2026_09_27-20_14_14.mj_unroll,True,experiments/p5-formal-dynamic-lidar-ppo-seed0-v2-heldout/traces/hard.npz,,,,,
dynamic,lidar,dva,dev,easy,p5-formal-dynamic-lidar-dva-seed0-v2-dev,32,completed,,32,0,0,32,0,0,0.0,0.0,40.0,,1.3416016101837158,-152.3933868408203,0.0,0.1071791982550706,4,experiments/p5-formal-dynamic-lidar-dva-seed0-v2-dev/rollouts/easy/case-000/2026_09_27-20_28_54.mj_unroll,True,experiments/p5-formal-dynamic-lidar-dva-seed0-v2-dev/traces/easy.npz,,,,,
dynamic,lidar,dva,dev,medium,p5-formal-dynamic-lidar-dva-seed0-v2-dev,32,completed,,32,0,0,32,0,0,0.0,0.0,40.0,,0.49780207872390747,-152.39447021484375,0.0,0.1071791982550706,4,experiments/p5-formal-dynamic-lidar-dva-seed0-v2-dev/rollouts/medium/case-000/2026_09_27-20_28_55.mj_unroll,True,experiments/p5-formal-dynamic-lidar-dva-seed0-v2-dev/traces/medium.npz,,,,,
dynamic,lidar,dva,dev,hard,p5-formal-dynamic-lidar-dva-seed0-v2-dev,32,completed,,32,0,0,32,0,0,0.0,0.0,40.0,,1.0361602306365967,-152.3933868408203,0.0,0.1071791982550706,4,experiments/p5-formal-dynamic-lidar-dva-seed0-v2-dev/rollouts/hard/case-000/2026_09_27-20_28_56.mj_unroll,True,experiments/p5-formal-dynamic-lidar-dva-seed0-v2-dev/traces/hard.npz,,,,,
dynamic,lidar,dva,heldout,easy,p5-formal-dynamic-lidar-dva-seed0-v2-heldout,128,completed,,128,0,0,128,0,0,0.0,0.0,40.0,,0.7480705380439758,-152.3933868408203,0.0,0.029136956273508416,4,experiments/p5-formal-dynamic-lidar-dva-seed0-v2-heldout/rollouts/easy/case-000/2026_09_27-20_29_41.mj_unroll,True,experiments/p5-formal-dynamic-lidar-dva-seed0-v2-heldout/traces/easy.npz,,,,,
dynamic,lidar,dva,heldout,medium,p5-formal-dynamic-lidar-dva-seed0-v2-heldout,128,completed,,128,0,0,128,0,0,0.0,0.0,40.0,,0.5028345584869385,-152.3933868408203,0.0,0.029136956273508416,4,experiments/p5-formal-dynamic-lidar-dva-seed0-v2-heldout/rollouts/medium/case-000/2026_09_27-20_29_42.mj_unroll,True,experiments/p5-formal-dynamic-lidar-dva-seed0-v2-heldout/traces/medium.npz,,,,,
dynamic,lidar,dva,heldout,hard,p5-formal-dynamic-lidar-dva-seed0-v2-heldout,128,completed,,128,0,0,128,0,0,0.0,0.0,40.0,,0.48859667778015137,-152.39349365234375,0.0,0.029136956273508416,4,experiments/p5-formal-dynamic-lidar-dva-seed0-v2-heldout/rollouts/hard/case-000/2026_09_27-20_29_43.mj_unroll,True,experiments/p5-formal-dynamic-lidar-dva-seed0-v2-heldout/traces/hard.npz,,,,,
dynamic,depth,ego,dev,easy,p5-formal-dynamic-ego-v2-dev,32,completed,,32,16,16,0,0,0,0.5,0.5,25.841875,11.68375,-0.028928019106388092,-22.60382843017578,0.33630882869327483,0.6636911713067252,4,experiments/p5-formal-dynamic-ego-v2-dev/rollouts/easy/case-000/2026_09_27-18_34_05.mj_unroll,True,experiments/p5-formal-dynamic-ego-v2-dev/traces/easy.npz,359,3328,0,0.022430778853595255,1415.6692527811974
dynamic,depth,ego,dev,medium,p5-formal-dynamic-ego-v2-dev,32,completed,,32,15,17,0,0,0,0.46875,0.53125,26.994374999999998,12.254666666666667,-0.02679464966058731,-28.407697677612305,0.30869387108068835,0.6355048288102536,4,experiments/p5-formal-dynamic-ego-v2-dev/rollouts/medium/case-000/2026_09_27-18_42_11.mj_unroll,True,experiments/p5-formal-dynamic-ego-v2-dev/traces/medium.npz,462,3328,0,0.027112318435683846,1822.8758164704777
dynamic,depth,ego,dev,hard,p5-formal-dynamic-ego-v2-dev,32,completed,,32,18,14,0,0,0,0.5625,0.4375,24.288125,12.067777777777778,-0.03345135599374771,-14.443727493286133,0.3932559113685198,0.7183466888495963,5,experiments/p5-formal-dynamic-ego-v2-dev/rollouts/hard/case-000/2026_09_27-18_50_35.mj_unroll,True,experiments/p5-formal-dynamic-ego-v2-dev/traces/hard.npz,504,3328,0,0.026506996341049662,1861.9756277608685
dynamic,depth,ego,heldout,easy,p5-formal-dynamic-ego-v2-heldout,128,completed,,128,74,54,0,0,0,0.578125,0.421875,23.654375,11.726486486486488,-0.04267851263284683,-3.475301742553711,0.4915184739711009,0.6601788766111634,4,experiments/p5-formal-dynamic-ego-v2-heldout/rollouts/easy/case-000/2026_09_27-19_22_51.mj_unroll,True,experiments/p5-formal-dynamic-ego-v2-heldout/traces/easy.npz,1579,13311,0,0.02619980338495225,7322.77930293791
dynamic,depth,ego,heldout,medium,p5-formal-dynamic-ego-v2-heldout,128,completed,,128,65,63,0,0,0,0.5078125,0.4921875,25.61796875,11.678461538461539,-0.04186955839395523,-19.110382080078125,0.422247229254785,0.5929225058034415,4,experiments/p5-formal-dynamic-ego-v2-heldout/rollouts/medium/case-000/2026_09_27-19_52_54.mj_unroll,True,experiments/p5-formal-dynamic-ego-v2-heldout/traces/medium.npz,1708,13312,0,0.024980068369768557,6976.50121830171
dynamic,depth,ego,heldout,hard,p5-formal-dynamic-ego-v2-heldout,128,completed,,128,60,68,0,0,0,0.46875,0.53125,26.856875,11.961333333333332,-0.04263279587030411,-31.655122756958008,0.3844747677270395,0.5548462920400548,4,experiments/p5-formal-dynamic-ego-v2-heldout/rollouts/hard/case-000/2026_09_27-20_17_15.mj_unroll,True,experiments/p5-formal-dynamic-ego-v2-heldout/traces/hard.npz,1913,13314,0,0.024202574393711984,5701.24327018531
dynamic,lidar,super,dev,easy,p5-formal-dynamic-super-v2-dev,32,completed,,32,32,0,0,0,0,1.0,0.0,9.275625000000002,9.275625000000002,0.21105340123176575,87.52481079101562,0.8928208017449293,1.0,4,experiments/p5-formal-dynamic-super-v2-dev/rollouts/easy/case-000/2026_09_27-18_42_24.mj_unroll,True,experiments/p5-formal-dynamic-super-v2-dev/traces/easy.npz,4101,415,0,0.026597543992102145,1947.7477687373757
dynamic,lidar,super,dev,medium,p5-formal-dynamic-super-v2-dev,32,completed,,32,31,1,0,0,0,0.96875,0.03125,10.672500000000001,9.726451612903228,-0.008721567690372467,79.69646453857422,0.8425573617998744,0.9944621398359969,5,experiments/p5-formal-dynamic-super-v2-dev/rollouts/medium/case-000/2026_09_27-18_50_57.mj_unroll,True,experiments/p5-formal-dynamic-super-v2-dev/traces/medium.npz,3902,568,142,0.026797708543017502,1948.7097826418467
dynamic,lidar,super,dev,hard,p5-formal-dynamic-super-v2-dev,32,completed,,32,31,0,0,0,1,0.96875,0.0,11.476875,10.556774193548389,0.12014754861593246,81.99468994140625,0.8425573617998744,0.9944621398359969,5,experiments/p5-formal-dynamic-super-v2-dev/rollouts/hard/case-000/2026_09_27-19_00_50.mj_unroll,True,experiments/p5-formal-dynamic-super-v2-dev/traces/hard.npz,3799,3078,2653,0.029538586270064116,2262.07836894691
dynamic,lidar,super,heldout,easy,p5-formal-dynamic-super-v2-heldout,128,completed,,128,128,0,0,0,0,1.0,0.0,9.339531249999999,9.339531249999999,0.0707542672753334,87.33212280273438,0.9708630437264916,1.0,4,experiments/p5-formal-dynamic-super-v2-heldout/rollouts/easy/case-000/2026_09_27-19_34_43.mj_unroll,True,experiments/p5-formal-dynamic-super-v2-heldout/traces/easy.npz,16189,1709,0,0.028992998646572232,7740.3457405944355
dynamic,lidar,super,heldout,medium,p5-formal-dynamic-super-v2-heldout,128,completed,,128,126,2,0,0,0,0.984375,0.015625,10.0775,9.602539682539684,-0.009642548859119415,83.29180908203125,0.9448190233201829,0.9957045502898559,4,experiments/p5-formal-dynamic-super-v2-heldout/rollouts/medium/case-000/2026_09_27-20_04_48.mj_unroll,True,experiments/p5-formal-dynamic-super-v2-heldout/traces/medium.npz,15520,2167,457,0.026884638471528888,7061.716726862825
dynamic,lidar,super,heldout,hard,p5-formal-dynamic-super-v2-heldout,128,completed,,128,125,2,0,0,1,0.9765625,0.015625,11.42046875,10.734560000000002,-0.028259821236133575,80.80937194824219,0.9333562549485678,0.9919975836032445,5,experiments/p5-formal-dynamic-super-v2-heldout/rollouts/hard/case-000/2026_09_27-20_27_21.mj_unroll,True,experiments/p5-formal-dynamic-super-v2-heldout/traces/hard.npz,15960,7860,6118,0.028529881266877045,5284.10160040902
