task,sensor,method,step,success_rate,collision_rate,out_of_bounds_rate,timeout_rate,return_mean,constrained_time_s,source
static,depth,ppo,0,0.0,1.0,0.0,0.0,-152.21658833821616,40.0,experiments/p5-formal-static-depth-ppo-seed0-v2/eval/step-0000000000.json
static,depth,ppo,1048576,0.0,0.3958333333333333,0.6041666666666666,0.0,-129.3712412516276,40.0,experiments/p5-formal-static-depth-ppo-seed0-v2/eval/step-0001048576.json
static,depth,ppo,2097152,0.0,0.03125,0.96875,0.0,-153.53015645345053,40.0,experiments/p5-formal-static-depth-ppo-seed0-v2/eval/step-0002097152.json
static,depth,ppo,3145728,0.0,1.0,0.0,0.0,-148.9792938232422,40.0,experiments/p5-formal-static-depth-ppo-seed0-v2/eval/step-0003145728.json
static,depth,ppo,4194304,0.0,0.8958333333333334,0.10416666666666667,0.0,-136.2365519205729,40.0,experiments/p5-formal-static-depth-ppo-seed0-v2/eval/step-0004194304.json
static,depth,ppo,5242880,0.0,1.0,0.0,0.0,-148.69937642415366,40.0,experiments/p5-formal-static-depth-ppo-seed0-v2/eval/step-0005242880.json
static,depth,ppo,6291456,0.0,0.4479166666666667,0.5520833333333334,0.0,-136.4790293375651,40.0,experiments/p5-formal-static-depth-ppo-seed0-v2/eval/step-0006291456.json
static,depth,ppo,7340032,0.0,0.90625,0.09375,0.0,-129.22124226888022,40.0,experiments/p5-formal-static-depth-ppo-seed0-v2/eval/step-0007340032.json
static,depth,ppo,8388608,0.0,0.5833333333333334,0.4166666666666667,0.0,-131.58749135335287,40.0,experiments/p5-formal-static-depth-ppo-seed0-v2/eval/step-0008388608.json
static,depth,dva,0,0.0,1.0,0.0,0.0,-151.9472401936849,40.0,experiments/p5-formal-static-depth-dva-seed0-v2/eval/step-0000000000.json
static,depth,dva,1048576,0.0,0.0,1.0,0.0,-152.4021759033203,40.0,experiments/p5-formal-static-depth-dva-seed0-v2/eval/step-0001048576.json
static,depth,dva,2097152,0.0,0.0,1.0,0.0,-152.40227254231772,40.0,experiments/p5-formal-static-depth-dva-seed0-v2/eval/step-0002097152.json
static,depth,dva,3145728,0.0,0.0,1.0,0.0,-152.40227254231772,40.0,experiments/p5-formal-static-depth-dva-seed0-v2/eval/step-0003145728.json
static,depth,dva,4194304,0.0,0.0,1.0,0.0,-152.40227254231772,40.0,experiments/p5-formal-static-depth-dva-seed0-v2/eval/step-0004194304.json
static,depth,dva,5242880,0.0,0.0,1.0,0.0,-152.40227254231772,40.0,experiments/p5-formal-static-depth-dva-seed0-v2/eval/step-0005242880.json
static,depth,dva,6291456,0.0,0.0,1.0,0.0,-152.40227254231772,40.0,experiments/p5-formal-static-depth-dva-seed0-v2/eval/step-0006291456.json
static,depth,dva,7340032,0.0,0.0,1.0,0.0,-152.40227254231772,40.0,experiments/p5-formal-static-depth-dva-seed0-v2/eval/step-0007340032.json
static,depth,dva,8388608,0.0,0.0,1.0,0.0,-152.40227254231772,40.0,experiments/p5-formal-static-depth-dva-seed0-v2/eval/step-0008388608.json
static,lidar,ppo,0,0.0,1.0,0.0,0.0,-152.1180165608724,40.0,experiments/p5-formal-static-lidar-ppo-seed0-v2/eval/step-0000000000.json
static,lidar,ppo,1048576,0.0,0.09375,0.90625,0.0,-151.5623016357422,40.0,experiments/p5-formal-static-lidar-ppo-seed0-v2/eval/step-0001048576.json
static,lidar,ppo,2097152,0.0,0.19791666666666666,0.8020833333333334,0.0,-149.9311065673828,40.0,experiments/p5-formal-static-lidar-ppo-seed0-v2/eval/step-0002097152.json
static,lidar,ppo,3145728,0.0,1.0,0.0,0.0,-152.81690470377603,40.0,experiments/p5-formal-static-lidar-ppo-seed0-v2/eval/step-0003145728.json
static,lidar,ppo,4194304,0.0,1.0,0.0,0.0,-151.38733418782553,40.0,experiments/p5-formal-static-lidar-ppo-seed0-v2/eval/step-0004194304.json
static,lidar,ppo,5242880,0.0,1.0,0.0,0.0,-149.64641316731772,40.0,experiments/p5-formal-static-lidar-ppo-seed0-v2/eval/step-0005242880.json
static,lidar,ppo,6291456,0.0,1.0,0.0,0.0,-143.37614949544272,40.0,experiments/p5-formal-static-lidar-ppo-seed0-v2/eval/step-0006291456.json
static,lidar,ppo,7340032,0.0,0.9479166666666666,0.052083333333333336,0.0,-148.31364949544272,40.0,experiments/p5-formal-static-lidar-ppo-seed0-v2/eval/step-0007340032.json
static,lidar,ppo,8388608,0.0,0.9166666666666666,0.08333333333333333,0.0,-145.16493225097656,40.0,experiments/p5-formal-static-lidar-ppo-seed0-v2/eval/step-0008388608.json
static,lidar,dva,0,0.0,1.0,0.0,0.0,-151.87511698404947,40.0,experiments/p5-formal-static-lidar-dva-seed0-v2/eval/step-0000000000.json
static,lidar,dva,1048576,0.0,0.0,1.0,0.0,-152.4022674560547,40.0,experiments/p5-formal-static-lidar-dva-seed0-v2/eval/step-0001048576.json
