task,sensor,method,split,difficulty,subtype,num_trials,arrived,collision,out_of_bounds,numerical_failure,timeout,success_rate,success_ci95_low,success_ci95_high,constrained_time_mean_s,success_time_mean_s
dynamic,depth,dva,dev,easy,crossers,16,0,0,16,0,0,0.0,0.0,0.1936076805344365,40.0,
dynamic,depth,dva,dev,easy,dynamic_forest,16,0,0,16,0,0,0.0,0.0,0.1936076805344365,40.0,
dynamic,depth,dva,dev,hard,crossers,16,0,0,16,0,0,0.0,0.0,0.1936076805344365,40.0,
dynamic,depth,dva,dev,hard,dynamic_forest,16,0,0,16,0,0,0.0,0.0,0.1936076805344365,40.0,
dynamic,depth,dva,dev,medium,crossers,16,0,0,16,0,0,0.0,0.0,0.1936076805344365,40.0,
dynamic,depth,dva,dev,medium,dynamic_forest,16,0,0,16,0,0,0.0,0.0,0.1936076805344365,40.0,
dynamic,depth,dva,heldout,easy,crossers,64,0,0,64,0,0,0.0,0.0,0.05662405979280534,40.0,
dynamic,depth,dva,heldout,easy,dynamic_forest,64,0,0,64,0,0,0.0,0.0,0.05662405979280534,40.0,
dynamic,depth,dva,heldout,hard,crossers,64,0,0,64,0,0,0.0,0.0,0.05662405979280534,40.0,
dynamic,depth,dva,heldout,hard,dynamic_forest,64,0,0,64,0,0,0.0,0.0,0.05662405979280534,40.0,
dynamic,depth,dva,heldout,medium,crossers,64,0,0,64,0,0,0.0,0.0,0.05662405979280534,40.0,
dynamic,depth,dva,heldout,medium,dynamic_forest,64,0,0,64,0,0,0.0,0.0,0.05662405979280534,40.0,
dynamic,depth,ego,dev,easy,crossers,16,4,12,0,0,0,0.25,0.10182067491213048,0.49498316535508774,33.3275,13.309999999999999
dynamic,depth,ego,dev,easy,dynamic_forest,16,12,4,0,0,0,0.75,0.5050168346449122,0.8981793250878696,18.35625,11.141666666666666
dynamic,depth,ego,dev,hard,crossers,16,8,8,0,0,0,0.5,0.27999563610326017,0.7200043638967398,26.095,12.19
dynamic,depth,ego,dev,hard,dynamic_forest,16,10,6,0,0,0,0.625,0.38641040545502714,0.8151876744113636,22.48125,11.97
dynamic,depth,ego,dev,medium,crossers,16,6,10,0,0,0,0.375,0.18481232558863633,0.6135895945449727,29.925,13.133333333333335
dynamic,depth,ego,dev,medium,dynamic_forest,16,9,7,0,0,0,0.5625,0.331785563988119,0.7690134759450765,24.06375,11.668888888888889
dynamic,depth,ego,heldout,easy,crossers,64,19,45,0,0,0,0.296875,0.19905151325539794,0.41770201103542925,31.73,12.143157894736841
dynamic,depth,ego,heldout,easy,dynamic_forest,64,55,9,0,0,0,0.859375,0.7538371825842297,0.9242142744396914,15.57875,11.582545454545453
dynamic,depth,ego,heldout,hard,crossers,64,29,35,0,0,0,0.453125,0.3372944778061167,0.5742640277994588,27.051875,11.424827586206897
dynamic,depth,ego,heldout,hard,dynamic_forest,64,31,33,0,0,0,0.484375,0.3663355166543264,0.6041839852141988,26.661875,12.463225806451613
dynamic,depth,ego,heldout,medium,crossers,64,21,43,0,0,0,0.328125,0.22570557904469185,0.45000894150908505,30.760625,11.841904761904763
dynamic,depth,ego,heldout,medium,dynamic_forest,64,44,20,0,0,0,0.6875,0.5660766429725185,0.7876893346051795,20.4753125,11.600454545454546
dynamic,depth,ppo,dev,easy,crossers,16,0,0,16,0,0,0.0,0.0,0.1936076805344365,40.0,
dynamic,depth,ppo,dev,easy,dynamic_forest,16,0,2,14,0,0,0.0,0.0,0.1936076805344365,40.0,
dynamic,depth,ppo,dev,hard,crossers,16,0,0,16,0,0,0.0,0.0,0.1936076805344365,40.0,
dynamic,depth,ppo,dev,hard,dynamic_forest,16,0,14,2,0,0,0.0,0.0,0.1936076805344365,40.0,
dynamic,depth,ppo,dev,medium,crossers,16,0,0,16,0,0,0.0,0.0,0.1936076805344365,40.0,
dynamic,depth,ppo,dev,medium,dynamic_forest,16,0,7,9,0,0,0.0,0.0,0.1936076805344365,40.0,
dynamic,depth,ppo,heldout,easy,crossers,64,0,1,63,0,0,0.0,0.0,0.05662405979280534,40.0,
dynamic,depth,ppo,heldout,easy,dynamic_forest,64,0,13,51,0,0,0.0,0.0,0.05662405979280534,40.0,
dynamic,depth,ppo,heldout,hard,crossers,64,0,0,64,0,0,0.0,0.0,0.05662405979280534,40.0,
dynamic,depth,ppo,heldout,hard,dynamic_forest,64,0,30,34,0,0,0.0,0.0,0.05662405979280534,40.0,
dynamic,depth,ppo,heldout,medium,crossers,64,0,0,64,0,0,0.0,0.0,0.05662405979280534,40.0,
dynamic,depth,ppo,heldout,medium,dynamic_forest,64,0,30,34,0,0,0.0,0.0,0.05662405979280534,40.0,
dynamic,lidar,dva,dev,easy,crossers,16,0,0,16,0,0,0.0,0.0,0.1936076805344365,40.0,
dynamic,lidar,dva,dev,easy,dynamic_forest,16,0,0,16,0,0,0.0,0.0,0.1936076805344365,40.0,
dynamic,lidar,dva,dev,hard,crossers,16,0,0,16,0,0,0.0,0.0,0.1936076805344365,40.0,
dynamic,lidar,dva,dev,hard,dynamic_forest,16,0,0,16,0,0,0.0,0.0,0.1936076805344365,40.0,
dynamic,lidar,dva,dev,medium,crossers,16,0,0,16,0,0,0.0,0.0,0.1936076805344365,40.0,
dynamic,lidar,dva,dev,medium,dynamic_forest,16,0,0,16,0,0,0.0,0.0,0.1936076805344365,40.0,
dynamic,lidar,dva,heldout,easy,crossers,64,0,0,64,0,0,0.0,0.0,0.05662405979280534,40.0,
dynamic,lidar,dva,heldout,easy,dynamic_forest,64,0,0,64,0,0,0.0,0.0,0.05662405979280534,40.0,
dynamic,lidar,dva,heldout,hard,crossers,64,0,0,64,0,0,0.0,0.0,0.05662405979280534,40.0,
dynamic,lidar,dva,heldout,hard,dynamic_forest,64,0,0,64,0,0,0.0,0.0,0.05662405979280534,40.0,
dynamic,lidar,dva,heldout,medium,crossers,64,0,0,64,0,0,0.0,0.0,0.05662405979280534,40.0,
dynamic,lidar,dva,heldout,medium,dynamic_forest,64,0,0,64,0,0,0.0,0.0,0.05662405979280534,40.0,
dynamic,lidar,ppo,dev,easy,crossers,16,0,15,1,0,0,0.0,0.0,0.1936076805344365,40.0,
dynamic,lidar,ppo,dev,easy,dynamic_forest,16,4,10,2,0,0,0.25,0.10182067491213048,0.49498316535508774,31.08,4.32
dynamic,lidar,ppo,dev,hard,crossers,16,0,16,0,0,0,0.0,0.0,0.1936076805344365,40.0,
dynamic,lidar,ppo,dev,hard,dynamic_forest,16,0,14,2,0,0,0.0,0.0,0.1936076805344365,40.0,
dynamic,lidar,ppo,dev,medium,crossers,16,0,16,0,0,0,0.0,0.0,0.1936076805344365,40.0,
dynamic,lidar,ppo,dev,medium,dynamic_forest,16,0,15,1,0,0,0.0,0.0,0.1936076805344365,40.0,
dynamic,lidar,ppo,heldout,easy,crossers,64,1,58,5,0,0,0.015625,0.002763541923337505,0.08334101600094265,39.443125,4.36
dynamic,lidar,ppo,heldout,easy,dynamic_forest,64,18,30,16,0,0,0.28125,0.18593372333727837,0.40133930282207403,29.970625,4.34
dynamic,lidar,ppo,heldout,hard,crossers,64,0,62,2,0,0,0.0,0.0,0.05662405979280534,40.0,
dynamic,lidar,ppo,heldout,hard,dynamic_forest,64,0,61,3,0,0,0.0,0.0,0.05662405979280534,40.0,
dynamic,lidar,ppo,heldout,medium,crossers,64,0,62,2,0,0,0.0,0.0,0.05662405979280534,40.0,
dynamic,lidar,ppo,heldout,medium,dynamic_forest,64,3,47,14,0,0,0.046875,0.016069016786292974,0.12899653740093686,38.328125,4.333333333333333
dynamic,lidar,super,dev,easy,crossers,16,16,0,0,0,0,1.0,0.8063923194655637,1.0000000000000002,9.2525,9.2525
dynamic,lidar,super,dev,easy,dynamic_forest,16,16,0,0,0,0,1.0,0.8063923194655637,1.0000000000000002,9.29875,9.29875
dynamic,lidar,super,dev,hard,crossers,16,15,0,0,0,1,0.9375,0.7167126242970107,0.9888806552353576,13.265,11.482666666666667
dynamic,lidar,super,dev,hard,dynamic_forest,16,16,0,0,0,0,1.0,0.8063923194655637,1.0000000000000002,9.68875,9.68875
dynamic,lidar,super,dev,medium,crossers,16,15,1,0,0,0,0.9375,0.7167126242970107,0.9888806552353576,11.8775,10.002666666666666
dynamic,lidar,super,dev,medium,dynamic_forest,16,16,0,0,0,0,1.0,0.8063923194655637,1.0000000000000002,9.4675,9.4675
dynamic,lidar,super,heldout,easy,crossers,64,64,0,0,0,0,1.0,0.9433759402071946,1.0,9.391562500000001,9.391562500000001
dynamic,lidar,super,heldout,easy,dynamic_forest,64,64,0,0,0,0,1.0,0.9433759402071946,1.0,9.2875,9.2875
dynamic,lidar,super,heldout,hard,crossers,64,63,0,0,0,1,0.984375,0.9166589839990573,0.9972364580766624,11.8453125,11.398412698412699
dynamic,lidar,super,heldout,hard,dynamic_forest,64,62,2,0,0,0,0.96875,0.8930270822904169,0.9913878616538281,10.995625,10.06
dynamic,lidar,super,heldout,medium,crossers,64,64,0,0,0,0,1.0,0.9433759402071946,1.0,9.75,9.75
dynamic,lidar,super,heldout,medium,dynamic_forest,64,62,2,0,0,0,0.96875,0.8930270822904169,0.9913878616538281,10.405,9.45032258064516
static,depth,dva,dev,easy,cylinder_forest,16,0,0,16,0,0,0.0,0.0,0.1936076805344365,40.0,
static,depth,dva,dev,easy,mixed,16,0,0,16,0,0,0.0,0.0,0.1936076805344365,40.0,
static,depth,dva,dev,hard,cylinder_forest,16,0,0,16,0,0,0.0,0.0,0.1936076805344365,40.0,
static,depth,dva,dev,hard,mixed,16,0,0,16,0,0,0.0,0.0,0.1936076805344365,40.0,
static,depth,dva,dev,medium,cylinder_forest,16,0,0,16,0,0,0.0,0.0,0.1936076805344365,40.0,
static,depth,dva,dev,medium,mixed,16,0,0,16,0,0,0.0,0.0,0.1936076805344365,40.0,
static,depth,dva,heldout,easy,cylinder_forest,64,0,0,64,0,0,0.0,0.0,0.05662405979280534,40.0,
static,depth,dva,heldout,easy,mixed,64,0,0,64,0,0,0.0,0.0,0.05662405979280534,40.0,
static,depth,dva,heldout,hard,cylinder_forest,64,0,0,64,0,0,0.0,0.0,0.05662405979280534,40.0,
static,depth,dva,heldout,hard,mixed,64,0,0,64,0,0,0.0,0.0,0.05662405979280534,40.0,
static,depth,dva,heldout,medium,cylinder_forest,64,0,0,64,0,0,0.0,0.0,0.05662405979280534,40.0,
static,depth,dva,heldout,medium,mixed,64,0,0,64,0,0,0.0,0.0,0.05662405979280534,40.0,
static,depth,ego,dev,easy,cylinder_forest,16,16,0,0,0,0,1.0,0.8063923194655637,1.0000000000000002,11.32125,11.32125
static,depth,ego,dev,easy,mixed,16,16,0,0,0,0,1.0,0.8063923194655637,1.0000000000000002,11.057500000000001,11.057500000000001
static,depth,ego,dev,hard,cylinder_forest,16,12,4,0,0,0,0.75,0.5050168346449122,0.8981793250878696,18.72625,11.635
static,depth,ego,dev,hard,mixed,16,13,3,0,0,0,0.8125,0.5699111903802586,0.9340840092857187,16.85875,11.518461538461539
static,depth,ego,dev,medium,cylinder_forest,16,14,2,0,0,0,0.875,0.639771727342413,0.9650225122567595,15.455,11.948571428571428
static,depth,ego,dev,medium,mixed,16,13,3,0,0,0,0.8125,0.5699111903802586,0.9340840092857187,16.59375,11.192307692307692
static,depth,ego,heldout,easy,cylinder_forest,64,54,10,0,0,0,0.84375,0.7357193822745122,0.912851576617934,16.0065625,11.563333333333333
static,depth,ego,heldout,easy,mixed,64,61,3,0,0,0,0.953125,0.8710034625990631,0.983930983213707,12.696250000000001,11.353442622950821
static,depth,ego,heldout,hard,cylinder_forest,64,40,22,0,0,2,0.625,0.502503786840045,0.7333401982117536,22.3796875,11.807500000000001
static,depth,ego,heldout,hard,mixed,64,58,6,0,0,0,0.90625,0.810171204003544,0.9563217474148016,14.305625000000001,11.647586206896552
static,depth,ego,heldout,medium,cylinder_forest,64,55,8,0,0,1,0.859375,0.7538371825842297,0.9242142744396914,15.7103125,11.735636363636365
static,depth,ego,heldout,medium,mixed,64,56,8,0,0,0,0.875,0.7722543817887005,0.9352775733666955,14.77125,11.167142857142858
static,depth,ppo,dev,easy,cylinder_forest,16,0,1,15,0,0,0.0,0.0,0.1936076805344365,40.0,
static,depth,ppo,dev,easy,mixed,16,0,0,16,0,0,0.0,0.0,0.1936076805344365,40.0,
static,depth,ppo,dev,hard,cylinder_forest,16,0,0,16,0,0,0.0,0.0,0.1936076805344365,40.0,
static,depth,ppo,dev,hard,mixed,16,0,0,16,0,0,0.0,0.0,0.1936076805344365,40.0,
static,depth,ppo,dev,medium,cylinder_forest,16,0,2,14,0,0,0.0,0.0,0.1936076805344365,40.0,
static,depth,ppo,dev,medium,mixed,16,0,0,16,0,0,0.0,0.0,0.1936076805344365,40.0,
static,depth,ppo,heldout,easy,cylinder_forest,64,0,6,58,0,0,0.0,0.0,0.05662405979280534,40.0,
static,depth,ppo,heldout,easy,mixed,64,0,0,64,0,0,0.0,0.0,0.05662405979280534,40.0,
static,depth,ppo,heldout,hard,cylinder_forest,64,0,0,64,0,0,0.0,0.0,0.05662405979280534,40.0,
static,depth,ppo,heldout,hard,mixed,64,0,0,64,0,0,0.0,0.0,0.05662405979280534,40.0,
static,depth,ppo,heldout,medium,cylinder_forest,64,0,1,63,0,0,0.0,0.0,0.05662405979280534,40.0,
static,depth,ppo,heldout,medium,mixed,64,0,0,64,0,0,0.0,0.0,0.05662405979280534,40.0,
static,lidar,dva,dev,easy,cylinder_forest,16,0,0,16,0,0,0.0,0.0,0.1936076805344365,40.0,
static,lidar,dva,dev,easy,mixed,16,0,0,16,0,0,0.0,0.0,0.1936076805344365,40.0,
static,lidar,dva,dev,hard,cylinder_forest,16,0,0,16,0,0,0.0,0.0,0.1936076805344365,40.0,
static,lidar,dva,dev,hard,mixed,16,0,0,16,0,0,0.0,0.0,0.1936076805344365,40.0,
static,lidar,dva,dev,medium,cylinder_forest,16,0,0,16,0,0,0.0,0.0,0.1936076805344365,40.0,
static,lidar,dva,dev,medium,mixed,16,0,0,16,0,0,0.0,0.0,0.1936076805344365,40.0,
static,lidar,dva,heldout,easy,cylinder_forest,64,0,0,64,0,0,0.0,0.0,0.05662405979280534,40.0,
static,lidar,dva,heldout,easy,mixed,64,0,0,64,0,0,0.0,0.0,0.05662405979280534,40.0,
static,lidar,dva,heldout,hard,cylinder_forest,64,0,0,64,0,0,0.0,0.0,0.05662405979280534,40.0,
static,lidar,dva,heldout,hard,mixed,64,0,0,64,0,0,0.0,0.0,0.05662405979280534,40.0,
static,lidar,dva,heldout,medium,cylinder_forest,64,0,0,64,0,0,0.0,0.0,0.05662405979280534,40.0,
static,lidar,dva,heldout,medium,mixed,64,0,0,64,0,0,0.0,0.0,0.05662405979280534,40.0,
static,lidar,ppo,dev,easy,cylinder_forest,16,0,0,16,0,0,0.0,0.0,0.1936076805344365,40.0,
static,lidar,ppo,dev,easy,mixed,16,0,4,12,0,0,0.0,0.0,0.1936076805344365,40.0,
static,lidar,ppo,dev,hard,cylinder_forest,16,0,0,16,0,0,0.0,0.0,0.1936076805344365,40.0,
static,lidar,ppo,dev,hard,mixed,16,0,4,12,0,0,0.0,0.0,0.1936076805344365,40.0,
static,lidar,ppo,dev,medium,cylinder_forest,16,0,0,16,0,0,0.0,0.0,0.1936076805344365,40.0,
static,lidar,ppo,dev,medium,mixed,16,0,1,15,0,0,0.0,0.0,0.1936076805344365,40.0,
static,lidar,ppo,heldout,easy,cylinder_forest,64,0,1,63,0,0,0.0,0.0,0.05662405979280534,40.0,
static,lidar,ppo,heldout,easy,mixed,64,0,3,61,0,0,0.0,0.0,0.05662405979280534,40.0,
static,lidar,ppo,heldout,hard,cylinder_forest,64,0,5,59,0,0,0.0,0.0,0.05662405979280534,40.0,
static,lidar,ppo,heldout,hard,mixed,64,0,9,55,0,0,0.0,0.0,0.05662405979280534,40.0,
static,lidar,ppo,heldout,medium,cylinder_forest,64,0,2,62,0,0,0.0,0.0,0.05662405979280534,40.0,
static,lidar,ppo,heldout,medium,mixed,64,0,5,59,0,0,0.0,0.0,0.05662405979280534,40.0,
static,lidar,super,dev,easy,cylinder_forest,16,16,0,0,0,0,1.0,0.8063923194655637,1.0000000000000002,9.29875,9.29875
static,lidar,super,dev,easy,mixed,16,16,0,0,0,0,1.0,0.8063923194655637,1.0000000000000002,9.255,9.255
static,lidar,super,dev,hard,cylinder_forest,16,15,1,0,0,0,0.9375,0.7167126242970107,0.9888806552353576,11.35,9.44
static,lidar,super,dev,hard,mixed,16,16,0,0,0,0,1.0,0.8063923194655637,1.0000000000000002,9.39125,9.39125
static,lidar,super,dev,medium,cylinder_forest,16,16,0,0,0,0,1.0,0.8063923194655637,1.0000000000000002,9.45875,9.45875
static,lidar,super,dev,medium,mixed,16,16,0,0,0,0,1.0,0.8063923194655637,1.0000000000000002,9.32375,9.32375
static,lidar,super,heldout,easy,cylinder_forest,64,64,0,0,0,0,1.0,0.9433759402071946,1.0,9.375937500000001,9.375937500000001
static,lidar,super,heldout,easy,mixed,64,64,0,0,0,0,1.0,0.9433759402071946,1.0,9.2925,9.2925
static,lidar,super,heldout,hard,cylinder_forest,64,58,5,1,0,0,0.90625,0.810171204003544,0.9563217474148016,12.708125,9.884827586206898
static,lidar,super,heldout,hard,mixed,64,64,0,0,0,0,1.0,0.9433759402071946,1.0,9.3553125,9.3553125
static,lidar,super,heldout,medium,cylinder_forest,64,63,0,1,0,0,0.984375,0.9166589839990573,0.9972364580766624,9.9265625,9.449206349206348
static,lidar,super,heldout,medium,mixed,64,64,0,0,0,0,1.0,0.9433759402071946,1.0,9.265,9.265
