task,sensor,method,split,status,expected_trials,num_trials,arrived,collision,out_of_bounds,numerical_failure,timeout,success_rate,constrained_time_mean_s,success_time_mean_s
static,depth,ppo,dev,completed,96,96,0,3,93,0,0,0.0,40.0,
static,depth,ppo,heldout,completed,384,384,0,7,377,0,0,0.0,40.0,
static,depth,dva,dev,completed,96,96,0,0,96,0,0,0.0,40.0,
static,depth,dva,heldout,completed,384,384,0,0,384,0,0,0.0,40.0,
static,lidar,ppo,dev,completed,96,96,0,9,87,0,0,0.0,40.0,
static,lidar,ppo,heldout,completed,384,384,0,25,359,0,0,0.0,40.0,
static,lidar,dva,dev,completed,96,96,0,0,96,0,0,0.0,40.0,
static,lidar,dva,heldout,completed,384,384,0,0,384,0,0,0.0,40.0,
static,depth,ego,dev,completed,96,96,84,12,0,0,0,0.875,15.002083333333333,11.430952380952382
static,depth,ego,heldout,completed,384,384,324,57,0,0,3,0.84375,15.97828125,11.529814814814815
static,lidar,super,dev,completed,96,96,95,1,0,0,0,0.9895833333333334,9.679583333333333,9.36042105263158
static,lidar,super,heldout,completed,384,384,377,5,2,0,0,0.9817708333333334,9.987239583333333,9.429973474801061
dynamic,depth,ppo,dev,completed,96,96,0,23,73,0,0,0.0,40.0,
dynamic,depth,ppo,heldout,completed,384,384,0,74,310,0,0,0.0,40.0,
dynamic,depth,dva,dev,completed,96,96,0,0,96,0,0,0.0,40.0,
dynamic,depth,dva,heldout,completed,384,384,0,0,384,0,0,0.0,40.0,
dynamic,lidar,ppo,dev,completed,96,96,4,86,6,0,0,0.041666666666666664,38.513333333333335,4.32
dynamic,lidar,ppo,heldout,completed,384,384,22,320,42,0,0,0.057291666666666664,37.95697916666666,4.34
dynamic,lidar,dva,dev,completed,96,96,0,0,96,0,0,0.0,40.0,
dynamic,lidar,dva,heldout,completed,384,384,0,0,384,0,0,0.0,40.0,
dynamic,depth,ego,dev,completed,96,96,49,47,0,0,0,0.5104166666666666,25.708125,11.999591836734695
dynamic,depth,ego,heldout,completed,384,384,199,185,0,0,0,0.5182291666666666,25.376406250000002,11.781608040201005
dynamic,lidar,super,dev,completed,96,96,94,1,0,0,1,0.9791666666666666,10.475000000000001,9.846808510638299
dynamic,lidar,super,heldout,completed,384,384,379,4,0,0,1,0.9869791666666666,10.279166666666667,9.887071240105541
