scene_id,command_speed_m_s,outcome,arrived,collision,out_of_bounds,numerical_failure,timeout,steps,elapsed_s,arrival_time_s,path_length_m,peak_speed_m_s,mean_speed_m_s,min_clearance_m,final_goal_distance_m
S01,4.0,out_of_bounds,False,False,True,False,False,28,2.7139999866485596,,3.0244836807250977,2.2080225944519043,1.1877670288085938,1.4300037622451782,95.74195098876953
S02,4.0,out_of_bounds,False,False,True,False,False,26,2.5880000591278076,,3.2629528045654297,2.608466148376465,1.3177874088287354,1.430005431175232,94.77228546142578
S03,4.0,out_of_bounds,False,False,True,False,False,23,2.2360000610351562,,3.5506153106689453,3.1270852088928223,1.6993074417114258,1.430007815361023,94.16663360595703
S06,4.0,out_of_bounds,False,False,True,False,False,29,2.8459999561309814,,3.834381103515625,2.690532922744751,1.4190090894699097,1.430008053779602,93.66959381103516
D01,4.0,out_of_bounds,False,False,True,False,False,27,2.614000082015991,,3.040095090866089,2.4139254093170166,1.2481558322906494,1.4300040006637573,95.5867919921875
D02,4.0,out_of_bounds,False,False,True,False,False,28,2.7160000801086426,,3.0383946895599365,2.2308597564697266,1.1922727823257446,1.4300047159194946,95.59596252441406
D03,4.0,out_of_bounds,False,False,True,False,False,29,2.8399999141693115,,3.0555481910705566,2.23901104927063,1.1387087106704712,1.4300018548965454,95.57693481445312
D06,4.0,out_of_bounds,False,False,True,False,False,27,2.692000150680542,,3.28922176361084,2.480722427368164,1.2721034288406372,1.4300028085708618,94.71648406982422
S01,6.0,out_of_bounds,False,False,True,False,False,27,2.6500000953674316,,3.0642635822296143,2.3510193824768066,1.2223283052444458,1.4300047159194946,95.43729400634766
S02,6.0,out_of_bounds,False,False,True,False,False,25,2.4800000190734863,,3.381798505783081,2.746509075164795,1.4302760362625122,1.4300073385238647,94.4936752319336
S03,6.0,out_of_bounds,False,False,True,False,False,21,2.058000087738037,,3.2835755348205566,3.2313480377197266,1.7059420347213745,1.4300066232681274,94.72146606445312
S06,6.0,out_of_bounds,False,False,True,False,False,26,2.5299999713897705,,3.7338802814483643,2.9114670753479004,1.571064829826355,1.4300085306167603,93.82830047607422
D01,6.0,out_of_bounds,False,False,True,False,False,27,2.640000104904175,,3.065500497817993,2.398939847946167,1.2334928512573242,1.4300049543380737,95.43931579589844
D02,6.0,out_of_bounds,False,False,True,False,False,27,2.6740002632141113,,3.0881080627441406,2.3555054664611816,1.2104406356811523,1.4300044775009155,95.34772491455078
D03,6.0,out_of_bounds,False,False,True,False,False,27,2.6740002632141113,,3.093526601791382,2.342919111251831,1.2120755910873413,1.43000328540802,95.31195068359375
D06,6.0,out_of_bounds,False,False,True,False,False,28,2.7160000801086426,,3.374688148498535,2.499861717224121,1.325344204902649,1.4300040006637573,94.51397705078125
S01,8.0,out_of_bounds,False,False,True,False,False,27,2.630000114440918,,3.1098427772521973,2.3935904502868652,1.2585668563842773,1.4300051927566528,95.24612426757812
S02,8.0,out_of_bounds,False,False,True,False,False,25,2.4100000858306885,,3.394747257232666,2.795956611633301,1.515256643295288,1.430007815361023,94.46585845947266
S03,8.0,out_of_bounds,False,False,True,False,False,22,2.132000207901001,,3.1998376846313477,3.025690793991089,1.6174947023391724,1.4300066232681274,94.96268463134766
S06,8.0,out_of_bounds,False,False,True,False,False,24,2.361999988555908,,3.5301787853240967,3.035890579223633,1.5828399658203125,1.430008053779602,94.19357299804688
D01,8.0,out_of_bounds,False,False,True,False,False,28,2.7300000190734863,,3.1339166164398193,2.3596107959747314,1.220790982246399,1.430005669593811,95.16239929199219
D02,8.0,out_of_bounds,False,False,True,False,False,29,2.871999979019165,,3.0931520462036133,2.2054591178894043,1.1261509656906128,1.4300042390823364,95.37142181396484
D03,8.0,out_of_bounds,False,False,True,False,False,28,2.742000102996826,,3.1352317333221436,2.3929603099823,1.2123626470565796,1.4300047159194946,95.16050720214844
D06,8.0,out_of_bounds,False,False,True,False,False,27,2.642000198364258,,3.455672264099121,2.6273162364959717,1.3853710889816284,1.4300044775009155,94.3396987915039
